"0","submitTime <- mdy_hms(submitTime)"
"0","submitTime"
"1","  [1]"
"1"," NA"
"1"," NA"
"1"," NA"
"1"," NA"
"1"," NA"
"1"," NA"
"1"," NA"
"1"," NA"
"1"," NA"
"1"," NA"
"1"," NA"
"1"," NA"
"1"," NA"
"1"," NA"
"1"," NA"
"1"," NA"
"1"," NA"
"1"," NA"
"1"," NA"
"1"," NA"
"1"," NA"
"1"," NA"
"1"," NA"
"1"," NA"
"1"," NA"
"1"," NA"
"1"," NA"
"1","
"
"1"," [28]"
"1"," NA"
"1"," NA"
"1"," NA"
"1"," NA"
"1"," NA"
"1"," NA"
"1"," NA"
"1"," NA"
"1"," NA"
"1"," NA"
"1"," NA"
"1"," NA"
"1"," NA"
"1"," NA"
"1"," NA"
"1"," NA"
"1"," NA"
"1"," NA"
"1"," NA"
"1"," NA"
"1"," NA"
"1"," NA"
"1"," NA"
"1"," NA"
"1"," NA"
"1"," NA"
"1"," NA"
"1","
"
"1"," [55]"
"1"," NA"
"1"," NA"
"1"," NA"
"1"," NA"
"1"," NA"
"1"," NA"
"1"," NA"
"1"," NA"
"1"," NA"
"1"," NA"
"1"," NA"
"1"," NA"
"1"," NA"
"1"," NA"
"1"," NA"
"1"," NA"
"1"," NA"
"1"," NA"
"1"," NA"
"1"," NA"
"1"," NA"
"1"," NA"
"1"," NA"
"1"," NA"
"1"," NA"
"1"," NA"
"1"," NA"
"1","
"
"1"," [82]"
"1"," NA"
"1"," NA"
"1"," NA"
"1"," NA"
"1"," NA"
"1"," NA"
"1"," NA"
"1"," NA"
"1"," NA"
"1"," NA"
"1"," NA"
"1"," NA"
"1"," NA"
"1"," NA"
"1"," NA"
"1"," NA"
"1"," NA"
"1"," NA"
"1"," NA"
"1"," NA"
"1"," NA"
"1"," NA"
"1"," NA"
"1"," NA"
"1"," NA"
"1"," NA"
"1"," NA"
"1","
"
"1","[109]"
"1"," NA"
"1"," NA"
"1"," NA"
"1"," NA"
"1"," NA"
"1"," NA"
"1"," NA"
"1"," NA"
"1"," NA"
"1"," NA"
"1"," NA"
"1"," NA"
"1"," NA"
"1"," NA"
"1"," NA"
"1"," NA"
"1"," NA"
"1"," NA"
"1"," NA"
"1"," NA"
"1"," NA"
"1"," NA"
"1"," NA"
"1"," NA"
"1"," NA"
"1"," NA"
"1"," NA"
"1","
"
"1","[136]"
"1"," NA"
"1"," NA"
"1"," NA"
"1"," NA"
"1"," NA"
"1"," NA"
"1"," NA"
"1"," NA"
"1"," NA"
"1"," NA"
"1"," NA"
"1"," NA"
"1"," NA"
"1"," NA"
"1"," NA"
"1"," NA"
"1"," NA"
"1"," NA"
"1"," NA"
"1"," NA"
"1"," NA"
"1","
"
